Prenom;NOM;OU;Groupe
Michel;Duval;UO_design;GG_design
christian;Rola;UO_design;GG_design
Fil;Defer;UO_design;GG_design
Maxime;Travi;UO_design;GG_design
Pam;Beesly;UO_design;GG_design
Jack;Perata;UO_design;GG_design
Will;Fer;UO_design;GG_design
Mathieu;Pabo;UO_design;GG_design
Morgan;Grandour;UO_design;GG_design
Micheline;Ralo;UO_design;GG_design
Robert;David;UO_commercial;GG_commercial
David;Robert;UO_commercial;GG_commercial
Ludo;Lidi;UO_commercial;GG_commercial
Sarah;Kroch;UO_commercial;GG_commercial
Miguel;Ratio;UO_commercial;GG_commercial
Noel;Menace;UO_ingenieur;GG_ingenieur
Raphael;Nada;UO_ingenieur;GG_ingenieur
Olivier;Rahous;UO_ingenieur;GG_ingenieur
Kim;Komhu;UO_ingenieur;GG_ingenieur
Tom;Conduit;UO_ingenieur;GG_ingenieur
Brad;Pitre;UO_ingenieur;GG_ingenieur
John;Krakinski;UO_technicien;GG_technicien
Arthur;Miller;UO_technicien;GG_technicien
Bud;Weiser;UO_technicien;GG_technicien
Milan;Morel;UO_technicien;GG_technicien
Edem;Badouri;UO_technicien;GG_technicien
Julien;Kropen;UO_technicien;GG_technicien
Mathilde;Sang;UO_technicien;GG_technicien
Laurent;Lapero;UO_technicien;GG_technicien
Florian;Ducoin;UO_technicien;GG_technicien
Mireille;Pitochon;UO_technicien;GG_technicien
Michael;Scott;UO_Chef_de_projet;GG_Chef_de_projet
